name, age, address
hong, 32, suwon
tim, 34, seoul
kim, 32, kangwon
hong, 32, suwon
tim, 34, seoul
kim, 32, kangwon
hong, 32, suwon
tim, 34, seoul
kim, 32, kangwon
hong, 32, suwon
tim, 34, seoul
kim, 32, kangwon
hong, 32, suwon
tim, 34, seoul
kim, 32, kangwon
hong, 32, suwon
tim, 34, seoul
kim, 32, kangwon
hong, 32, suwon
tim, 34, seoul
kim, 32, kangwon
hong, 32, suwon
tim, 34, seoul
kim, 32, kangwon
hong, 32, suwon
tim, 34, seoul
kim, 32, kangwon
hong, 32, suwon
tim, 34, seoul
kim, 32, kangwon
hong, 32, suwon
tim, 34, seoul
kim, 32, kangwon
hong, 32, suwon
tim, 34, seoul
kim, 32, kangwon
hong, 32, suwon
tim, 34, seoul
kim, 32, kangwon
hong, 32, suwon
tim, 34, seoul
kim, 32, kangwon
hong, 32, suwon
tim, 34, seoul
kim, 32, kangwon
hong, 32, suwon
tim, 34, seoul
kim, 32, kangwon
hong, 32, suwon
tim, 34, seoul
kim, 32, kangwon
hong, 32, suwon
tim, 34, seoul
kim, 32, kangwon
hong, 32, suwon
tim, 34, seoul
kim, 32, kangwon
